image,blur_sigma,method,stability,n_interfaces,n_consistent
5w_animal5_C1_MAX_20231127_5w_wt_animal_5.lif___Image_1.tif,1.0,epg_original,0.9666666666666667,30,29
5w_animal5_C1_MAX_20231127_5w_wt_animal_5.lif___Image_1.tif,1.0,epg_blur_robust,0.7666666666666667,30,23
5w_animal5_C1_MAX_20231127_5w_wt_animal_5.lif___Image_1.tif,1.0,baseline_simple,1.0,30,30
5w_animal5_C1_MAX_20231127_5w_wt_animal_5.lif___Image_1.tif,1.0,junction_mapper,0.5,30,15
5w_animal5_C1_MAX_20231127_5w_wt_animal_5.lif___Image_1.tif,1.5,epg_original,0.7,30,21
5w_animal5_C1_MAX_20231127_5w_wt_animal_5.lif___Image_1.tif,1.5,epg_blur_robust,0.7666666666666667,30,23
5w_animal5_C1_MAX_20231127_5w_wt_animal_5.lif___Image_1.tif,1.5,baseline_simple,1.0,30,30
5w_animal5_C1_MAX_20231127_5w_wt_animal_5.lif___Image_1.tif,1.5,junction_mapper,0.36666666666666664,30,11
5w_animal5_C1_MAX_20231127_5w_wt_animal_5.lif___Image_1.tif,2.0,epg_original,0.6666666666666666,30,20
5w_animal5_C1_MAX_20231127_5w_wt_animal_5.lif___Image_1.tif,2.0,epg_blur_robust,0.7666666666666667,30,23
5w_animal5_C1_MAX_20231127_5w_wt_animal_5.lif___Image_1.tif,2.0,baseline_simple,1.0,30,30
5w_animal5_C1_MAX_20231127_5w_wt_animal_5.lif___Image_1.tif,2.0,junction_mapper,0.3,30,9
sbiad1540_EGM2_regular_18_20dyn_52.tif,1.0,epg_original,0.9666666666666667,30,29
sbiad1540_EGM2_regular_18_20dyn_52.tif,1.0,epg_blur_robust,1.0,30,30
sbiad1540_EGM2_regular_18_20dyn_52.tif,1.0,baseline_simple,1.0,30,30
sbiad1540_EGM2_regular_18_20dyn_52.tif,1.0,junction_mapper,0.5333333333333333,30,16
sbiad1540_EGM2_regular_18_20dyn_52.tif,1.5,epg_original,0.9333333333333333,30,28
sbiad1540_EGM2_regular_18_20dyn_52.tif,1.5,epg_blur_robust,1.0,30,30
sbiad1540_EGM2_regular_18_20dyn_52.tif,1.5,baseline_simple,1.0,30,30
sbiad1540_EGM2_regular_18_20dyn_52.tif,1.5,junction_mapper,0.3,30,9
sbiad1540_EGM2_regular_18_20dyn_52.tif,2.0,epg_original,0.8333333333333334,30,25
sbiad1540_EGM2_regular_18_20dyn_52.tif,2.0,epg_blur_robust,1.0,30,30
sbiad1540_EGM2_regular_18_20dyn_52.tif,2.0,baseline_simple,1.0,30,30
sbiad1540_EGM2_regular_18_20dyn_52.tif,2.0,junction_mapper,0.3,30,9
sbiad1540_EGM2_regular_static_34.tif,1.0,epg_original,1.0,30,30
sbiad1540_EGM2_regular_static_34.tif,1.0,epg_blur_robust,1.0,30,30
sbiad1540_EGM2_regular_static_34.tif,1.0,baseline_simple,1.0,30,30
sbiad1540_EGM2_regular_static_34.tif,1.0,junction_mapper,0.8333333333333334,30,25
sbiad1540_EGM2_regular_static_34.tif,1.5,epg_original,0.9666666666666667,30,29
sbiad1540_EGM2_regular_static_34.tif,1.5,epg_blur_robust,1.0,30,30
sbiad1540_EGM2_regular_static_34.tif,1.5,baseline_simple,1.0,30,30
sbiad1540_EGM2_regular_static_34.tif,1.5,junction_mapper,0.4666666666666667,30,14
sbiad1540_EGM2_regular_static_34.tif,2.0,epg_original,0.9666666666666667,30,29
sbiad1540_EGM2_regular_static_34.tif,2.0,epg_blur_robust,1.0,30,30
sbiad1540_EGM2_regular_static_34.tif,2.0,baseline_simple,1.0,30,30
sbiad1540_EGM2_regular_static_34.tif,2.0,junction_mapper,0.3333333333333333,30,10
sbiad1540_EGM2_regular_static_20.tif,1.0,epg_original,1.0,30,30
sbiad1540_EGM2_regular_static_20.tif,1.0,epg_blur_robust,1.0,30,30
sbiad1540_EGM2_regular_static_20.tif,1.0,baseline_simple,1.0,30,30
sbiad1540_EGM2_regular_static_20.tif,1.0,junction_mapper,0.5666666666666667,30,17
sbiad1540_EGM2_regular_static_20.tif,1.5,epg_original,0.9,30,27
sbiad1540_EGM2_regular_static_20.tif,1.5,epg_blur_robust,1.0,30,30
sbiad1540_EGM2_regular_static_20.tif,1.5,baseline_simple,1.0,30,30
sbiad1540_EGM2_regular_static_20.tif,1.5,junction_mapper,0.3,30,9
sbiad1540_EGM2_regular_static_20.tif,2.0,epg_original,0.8,30,24
sbiad1540_EGM2_regular_static_20.tif,2.0,epg_blur_robust,1.0,30,30
sbiad1540_EGM2_regular_static_20.tif,2.0,baseline_simple,1.0,30,30
sbiad1540_EGM2_regular_static_20.tif,2.0,junction_mapper,0.2,30,6
sbiad1540_EGM2_regular_static_35.tif,1.0,epg_original,1.0,30,30
sbiad1540_EGM2_regular_static_35.tif,1.0,epg_blur_robust,1.0,30,30
sbiad1540_EGM2_regular_static_35.tif,1.0,baseline_simple,1.0,30,30
sbiad1540_EGM2_regular_static_35.tif,1.0,junction_mapper,0.7333333333333333,30,22
sbiad1540_EGM2_regular_static_35.tif,1.5,epg_original,1.0,30,30
sbiad1540_EGM2_regular_static_35.tif,1.5,epg_blur_robust,1.0,30,30
sbiad1540_EGM2_regular_static_35.tif,1.5,baseline_simple,1.0,30,30
sbiad1540_EGM2_regular_static_35.tif,1.5,junction_mapper,0.5333333333333333,30,16
sbiad1540_EGM2_regular_static_35.tif,2.0,epg_original,1.0,30,30
sbiad1540_EGM2_regular_static_35.tif,2.0,epg_blur_robust,1.0,30,30
sbiad1540_EGM2_regular_static_35.tif,2.0,baseline_simple,1.0,30,30
sbiad1540_EGM2_regular_static_35.tif,2.0,junction_mapper,0.4,30,12
sbiad1540_EGM2_regular_18_20dyn_53.tif,1.0,epg_original,0.9666666666666667,30,29
sbiad1540_EGM2_regular_18_20dyn_53.tif,1.0,epg_blur_robust,1.0,30,30
sbiad1540_EGM2_regular_18_20dyn_53.tif,1.0,baseline_simple,1.0,30,30
sbiad1540_EGM2_regular_18_20dyn_53.tif,1.0,junction_mapper,0.7,30,21
sbiad1540_EGM2_regular_18_20dyn_53.tif,1.5,epg_original,0.9333333333333333,30,28
sbiad1540_EGM2_regular_18_20dyn_53.tif,1.5,epg_blur_robust,1.0,30,30
sbiad1540_EGM2_regular_18_20dyn_53.tif,1.5,baseline_simple,1.0,30,30
sbiad1540_EGM2_regular_18_20dyn_53.tif,1.5,junction_mapper,0.5666666666666667,30,17
sbiad1540_EGM2_regular_18_20dyn_53.tif,2.0,epg_original,0.9,30,27
sbiad1540_EGM2_regular_18_20dyn_53.tif,2.0,epg_blur_robust,1.0,30,30
sbiad1540_EGM2_regular_18_20dyn_53.tif,2.0,baseline_simple,1.0,30,30
sbiad1540_EGM2_regular_18_20dyn_53.tif,2.0,junction_mapper,0.3,30,9
5w_animal2_C1_MAX_20231020_5w_wt_animal_2.lif___Image_3_1.tif_stack_2.tif,1.0,epg_original,0.9,30,27
5w_animal2_C1_MAX_20231020_5w_wt_animal_2.lif___Image_3_1.tif_stack_2.tif,1.0,epg_blur_robust,0.7666666666666667,30,23
5w_animal2_C1_MAX_20231020_5w_wt_animal_2.lif___Image_3_1.tif_stack_2.tif,1.0,baseline_simple,1.0,30,30
5w_animal2_C1_MAX_20231020_5w_wt_animal_2.lif___Image_3_1.tif_stack_2.tif,1.0,junction_mapper,0.5333333333333333,30,16
5w_animal2_C1_MAX_20231020_5w_wt_animal_2.lif___Image_3_1.tif_stack_2.tif,1.5,epg_original,0.9333333333333333,30,28
5w_animal2_C1_MAX_20231020_5w_wt_animal_2.lif___Image_3_1.tif_stack_2.tif,1.5,epg_blur_robust,0.7666666666666667,30,23
5w_animal2_C1_MAX_20231020_5w_wt_animal_2.lif___Image_3_1.tif_stack_2.tif,1.5,baseline_simple,1.0,30,30
5w_animal2_C1_MAX_20231020_5w_wt_animal_2.lif___Image_3_1.tif_stack_2.tif,1.5,junction_mapper,0.4,30,12
5w_animal2_C1_MAX_20231020_5w_wt_animal_2.lif___Image_3_1.tif_stack_2.tif,2.0,epg_original,0.9,30,27
5w_animal2_C1_MAX_20231020_5w_wt_animal_2.lif___Image_3_1.tif_stack_2.tif,2.0,epg_blur_robust,0.7666666666666667,30,23
5w_animal2_C1_MAX_20231020_5w_wt_animal_2.lif___Image_3_1.tif_stack_2.tif,2.0,baseline_simple,1.0,30,30
5w_animal2_C1_MAX_20231020_5w_wt_animal_2.lif___Image_3_1.tif_stack_2.tif,2.0,junction_mapper,0.3333333333333333,30,10
25w_animal1_C1_MAX_20231020_25w_wt_animal_1.lif___Image_4.tif,1.0,epg_original,0.9666666666666667,30,29
25w_animal1_C1_MAX_20231020_25w_wt_animal_1.lif___Image_4.tif,1.0,epg_blur_robust,0.8,30,24
25w_animal1_C1_MAX_20231020_25w_wt_animal_1.lif___Image_4.tif,1.0,baseline_simple,1.0,30,30
25w_animal1_C1_MAX_20231020_25w_wt_animal_1.lif___Image_4.tif,1.0,junction_mapper,0.43333333333333335,30,13
25w_animal1_C1_MAX_20231020_25w_wt_animal_1.lif___Image_4.tif,1.5,epg_original,0.8666666666666667,30,26
25w_animal1_C1_MAX_20231020_25w_wt_animal_1.lif___Image_4.tif,1.5,epg_blur_robust,0.8,30,24
25w_animal1_C1_MAX_20231020_25w_wt_animal_1.lif___Image_4.tif,1.5,baseline_simple,1.0,30,30
25w_animal1_C1_MAX_20231020_25w_wt_animal_1.lif___Image_4.tif,1.5,junction_mapper,0.3333333333333333,30,10
25w_animal1_C1_MAX_20231020_25w_wt_animal_1.lif___Image_4.tif,2.0,epg_original,0.8666666666666667,30,26
25w_animal1_C1_MAX_20231020_25w_wt_animal_1.lif___Image_4.tif,2.0,epg_blur_robust,0.8,30,24
25w_animal1_C1_MAX_20231020_25w_wt_animal_1.lif___Image_4.tif,2.0,baseline_simple,1.0,30,30
25w_animal1_C1_MAX_20231020_25w_wt_animal_1.lif___Image_4.tif,2.0,junction_mapper,0.3,30,9
3w_animal3_C1_MAX_20231101_3w_wt_animal_3.lif___Image_2.tif,1.0,epg_original,0.8,30,24
3w_animal3_C1_MAX_20231101_3w_wt_animal_3.lif___Image_2.tif,1.0,epg_blur_robust,1.0,30,30
3w_animal3_C1_MAX_20231101_3w_wt_animal_3.lif___Image_2.tif,1.0,baseline_simple,1.0,30,30
3w_animal3_C1_MAX_20231101_3w_wt_animal_3.lif___Image_2.tif,1.0,junction_mapper,0.6666666666666666,30,20
3w_animal3_C1_MAX_20231101_3w_wt_animal_3.lif___Image_2.tif,1.5,epg_original,0.7333333333333333,30,22
3w_animal3_C1_MAX_20231101_3w_wt_animal_3.lif___Image_2.tif,1.5,epg_blur_robust,1.0,30,30
3w_animal3_C1_MAX_20231101_3w_wt_animal_3.lif___Image_2.tif,1.5,baseline_simple,1.0,30,30
3w_animal3_C1_MAX_20231101_3w_wt_animal_3.lif___Image_2.tif,1.5,junction_mapper,0.6333333333333333,30,19
3w_animal3_C1_MAX_20231101_3w_wt_animal_3.lif___Image_2.tif,2.0,epg_original,0.7,30,21
3w_animal3_C1_MAX_20231101_3w_wt_animal_3.lif___Image_2.tif,2.0,epg_blur_robust,1.0,30,30
3w_animal3_C1_MAX_20231101_3w_wt_animal_3.lif___Image_2.tif,2.0,baseline_simple,0.9666666666666667,30,29
3w_animal3_C1_MAX_20231101_3w_wt_animal_3.lif___Image_2.tif,2.0,junction_mapper,0.6333333333333333,30,19
sbiad1540_EGM2_regular_18_20dyn_51.tif,1.0,epg_original,0.9333333333333333,30,28
sbiad1540_EGM2_regular_18_20dyn_51.tif,1.0,epg_blur_robust,1.0,30,30
sbiad1540_EGM2_regular_18_20dyn_51.tif,1.0,baseline_simple,1.0,30,30
sbiad1540_EGM2_regular_18_20dyn_51.tif,1.0,junction_mapper,0.6666666666666666,30,20
sbiad1540_EGM2_regular_18_20dyn_51.tif,1.5,epg_original,0.8333333333333334,30,25
sbiad1540_EGM2_regular_18_20dyn_51.tif,1.5,epg_blur_robust,1.0,30,30
sbiad1540_EGM2_regular_18_20dyn_51.tif,1.5,baseline_simple,1.0,30,30
sbiad1540_EGM2_regular_18_20dyn_51.tif,1.5,junction_mapper,0.5,30,15
sbiad1540_EGM2_regular_18_20dyn_51.tif,2.0,epg_original,0.8,30,24
sbiad1540_EGM2_regular_18_20dyn_51.tif,2.0,epg_blur_robust,1.0,30,30
sbiad1540_EGM2_regular_18_20dyn_51.tif,2.0,baseline_simple,1.0,30,30
sbiad1540_EGM2_regular_18_20dyn_51.tif,2.0,junction_mapper,0.4,30,12
