cell_id,nuc_y,nuc_x,golgi_y,golgi_x,polarity_dx,polarity_dy,polarity_angle_deg,polarity_alignment_deg,polarity_length,dataset,shear_stress,supplementation,replicate,section
1,,,,,,,,,,S-BIAD1540,static,BSA 0.1,rep 1,nan
2,,,,,,,,,,S-BIAD1540,static,BSA 0.1,rep 1,nan
3,27.74829931972789,149.52478134110788,26.598173515981735,151.75342465753425,2.2286433164263713,-1.1501258037461568,332.70330479051324,27.296695209486757,2.5079155480786586,S-BIAD1540,static,BSA 0.1,rep 1,nan
4,,,,,,,,,,S-BIAD1540,static,BSA 0.1,rep 1,nan
5,46.53884297520661,298.302479338843,60.27903225806452,294.9129032258065,-3.389576113036526,13.740189282857905,103.85764638328921,76.14235361671079,14.152103297914095,S-BIAD1540,static,BSA 0.1,rep 1,nan
6,15.254945054945056,341.5318681318681,15.489082969432314,342.12227074235807,0.5904026104899458,0.23413791448725796,21.631955297304142,21.631955297304142,0.6351344782593566,S-BIAD1540,static,BSA 0.1,rep 1,nan
7,28.420161883738043,386.9293598233996,22.93633952254642,386.2519893899204,-0.6773704334791546,-5.483822361191624,262.9584024904397,82.95840249043971,5.525498927088577,S-BIAD1540,static,BSA 0.1,rep 1,nan
8,,,,,,,,,,S-BIAD1540,static,BSA 0.1,rep 1,nan
9,38.8564705882353,477.68470588235294,40.266666666666666,477.83076923076925,0.14606334841630542,1.410196078431369,84.08658306181135,84.08658306181135,1.417740272889853,S-BIAD1540,static,BSA 0.1,rep 1,nan
10,,,,,,,,,,S-BIAD1540,static,BSA 0.1,rep 1,nan
11,,,,,,,,,,S-BIAD1540,static,BSA 0.1,rep 1,nan
12,20.861660079051383,637.794466403162,22.15126050420168,637.5994397759104,-0.1950266272516501,1.2896004251502973,98.5996916006453,81.4003083993547,1.3042640230739255,S-BIAD1540,static,BSA 0.1,rep 1,nan
13,,,,,,,,,,S-BIAD1540,static,BSA 0.1,rep 1,nan
14,26.55191256830601,715.0874316939891,25.855345911949687,715.2327044025158,0.14527270852670426,-0.6965666563563246,281.78048031581056,78.21951968418944,0.7115541206332199,S-BIAD1540,static,BSA 0.1,rep 1,nan
15,45.21584699453552,740.4398907103825,45.589473684210525,740.3263157894737,-0.1135749209088317,0.3736266896750067,106.90820595491958,73.09179404508042,0.3905075746985596,S-BIAD1540,static,BSA 0.1,rep 1,nan
16,,,,,,,,,,S-BIAD1540,static,BSA 0.1,rep 1,nan
17,18.42105263157895,857.021052631579,17.43621399176955,856.6975308641976,-0.3235217673814077,-0.9848386398094,251.81452873580184,71.81452873580184,1.0366163612596604,S-BIAD1540,static,BSA 0.1,rep 1,nan
18,,,,,,,,,,S-BIAD1540,static,BSA 0.1,rep 1,nan
19,92.2442748091603,949.7022900763359,91.65874730021598,950.2116630669547,0.5093729906187718,-0.5855275089443239,311.02126710964444,48.97873289035556,0.7760820235661027,S-BIAD1540,static,BSA 0.1,rep 1,nan
20,,,,,,,,,,S-BIAD1540,static,BSA 0.1,rep 1,nan
21,,,,,,,,,,S-BIAD1540,static,BSA 0.1,rep 1,nan
22,75.12786885245902,817.6131147540983,75.58278145695364,818.3377483443709,0.7246335902725605,0.45491260449462345,32.11990094092683,32.11990094092683,0.855592962733672,S-BIAD1540,static,BSA 0.1,rep 1,nan
23,128.5798449612403,195.71782945736433,125.1463963963964,195.97297297297297,0.255143515608637,-3.4334485648439,274.24990395879234,85.75009604120766,3.442915517549882,S-BIAD1540,static,BSA 0.1,rep 1,nan
24,101.54046997389034,236.95039164490862,103.0939226519337,237.7403314917127,0.7899398468040886,1.5534526780433566,63.046395219576176,63.046395219576176,1.742762228328622,S-BIAD1540,static,BSA 0.1,rep 1,nan
25,101.8170731707317,766.2280487804878,116.91089108910892,749.1138613861386,-17.114187394349187,15.093817918377212,138.58939236976747,41.41060763023253,22.819262685766724,S-BIAD1540,static,BSA 0.1,rep 1,nan
26,126.21153846153847,575.4230769230769,127.24598930481284,575.5267379679144,0.1036610448375086,1.0344508432743709,84.27756399794985,84.27756399794985,1.0396317421894452,S-BIAD1540,static,BSA 0.1,rep 1,nan
27,163.2761578044597,631.7692967409948,162.78604651162792,631.1968992248062,-0.5723975161886301,-0.49011129283178434,220.57155549438374,40.571555494383745,0.7535568962594371,S-BIAD1540,static,BSA 0.1,rep 1,nan
28,183.4963680387409,480.7046004842615,183.65126050420167,480.07563025210084,-0.6289702321606683,0.15489246546076174,166.16542070999483,13.834579290005166,0.6477617068033261,S-BIAD1540,static,BSA 0.1,rep 1,nan
29,126.65584415584415,414.4025974025974,127.08035714285714,414.94642857142856,0.5438311688311614,0.4245129870129887,37.975492087030965,37.975492087030965,0.6899011641785779,S-BIAD1540,static,BSA 0.1,rep 1,nan
30,,,,,,,,,,S-BIAD1540,static,BSA 0.1,rep 1,nan
31,104.64114832535886,832.6172248803828,104.55140186915888,833.1401869158879,0.5229620355050884,-0.08974645619997546,350.2622232522088,9.737776747791202,0.5306069326536164,S-BIAD1540,static,BSA 0.1,rep 1,nan
32,152.52291105121293,324.40161725067384,152.82954545454547,323.8011363636364,-0.6004808870374632,0.3066344033325379,152.94895909785134,27.051040902148657,0.6742417615398798,S-BIAD1540,static,BSA 0.1,rep 1,nan
33,143.656,525.9066666666666,143.1552795031056,525.6273291925465,-0.2793374741200978,-0.5007204968944166,240.84411672476884,60.84411672476884,0.5733676311564752,S-BIAD1540,static,BSA 0.1,rep 1,nan
34,169.95921696574226,457.25448613376835,168.1864406779661,458.53389830508473,1.2794121713163804,-1.7727762877761677,305.81797378278475,54.18202621721525,2.186236782833448,S-BIAD1540,static,BSA 0.1,rep 1,nan
35,130.29770992366412,851.7786259541984,130.9620253164557,851.6392405063291,-0.13938544786935836,0.6643153927915932,101.8498013455226,78.1501986544774,0.6787807040404069,S-BIAD1540,static,BSA 0.1,rep 1,nan
36,217.8288508557457,267.68215158924204,217.7991266375546,267.7816593886463,0.09950779940425036,-0.029724218191120144,343.3684599012529,16.63154009874711,0.10385244960688143,S-BIAD1540,static,BSA 0.1,rep 1,nan
37,195.14772727272728,342.4886363636364,194.92282958199357,342.9131832797428,0.42454691610640793,-0.22489769073371235,332.08823047621786,27.91176952378214,0.48043631760392336,S-BIAD1540,static,BSA 0.1,rep 1,nan
38,240.3956594323873,993.1302170283807,247.9214501510574,992.5528700906344,-0.5773469377462561,7.525790718670095,94.38689804239372,85.61310195760628,7.547904042033518,S-BIAD1540,static,BSA 0.1,rep 1,nan
39,267.31043956043953,716.445054945055,268.9237875288684,717.8706697459585,1.4256148009035314,1.6133479684288545,48.53497804214517,48.53497804214517,2.1529675398827375,S-BIAD1540,static,BSA 0.1,rep 1,nan
40,270.7209944751381,341.3839779005525,269.93888888888887,342.06111111111113,0.6771332105586225,-0.7821055862492585,310.88543592518204,49.11456407481796,1.0345040033193318,S-BIAD1540,static,BSA 0.1,rep 1,nan
41,244.4068090017311,899.6393537218696,265.06779661016947,912.0381355932203,12.398781871350707,20.660987608438376,59.03177952258636,59.03177952258636,24.09577143088345,S-BIAD1540,static,BSA 0.1,rep 1,nan
42,231.5,854.2346368715084,243.74137931034483,845.0862068965517,-9.148429974956684,12.241379310344826,126.77210525519122,53.22789474480878,15.282183692994412,S-BIAD1540,static,BSA 0.1,rep 1,nan
43,222.86453201970443,785.9901477832512,223.21472392638037,786.0736196319018,0.08347184865056079,0.3501919066759456,76.59313081468115,76.59313081468115,0.36000266807133013,S-BIAD1540,static,BSA 0.1,rep 1,nan
44,183.55189873417723,42.72658227848101,184.0487804878049,42.37669376693767,-0.349888511543341,0.49688175362766174,125.15200257841117,54.84799742158883,0.6077116483975892,S-BIAD1540,static,BSA 0.1,rep 1,nan
45,183.6059379217274,310.8286099865047,183.19745222929936,310.52866242038215,-0.2999475661225688,-0.40848569242803023,233.7104789358183,53.71047893581829,0.5067830929907391,S-BIAD1540,static,BSA 0.1,rep 1,nan
46,275.1650853889943,636.7020872865276,275.16776315789474,636.7565789473684,0.054491660840881195,0.0026777689004120475,2.813302706952751,2.813302706952751,0.054557415146629144,S-BIAD1540,static,BSA 0.1,rep 1,nan
47,,,,,,,,,,S-BIAD1540,static,BSA 0.1,rep 1,nan
48,276.44827586206895,383.7241379310345,275.97058823529414,383.72058823529414,-0.0035496957403324814,-0.47768762677480936,269.5742430207023,89.57424302070228,0.47770081548349747,S-BIAD1540,static,BSA 0.1,rep 1,nan
49,254.46822033898306,818.5995762711865,255.2037037037037,817.7962962962963,-0.803279974890188,0.7354833647206362,137.52277197901563,42.47722802098437,1.0891255656903704,S-BIAD1540,static,BSA 0.1,rep 1,nan
50,272.4931506849315,490.58082191780824,272.9756097560976,490.22926829268295,-0.3515536251252911,0.4824590711660903,126.07971421662548,53.920285783374524,0.5969562016506573,S-BIAD1540,static,BSA 0.1,rep 1,nan
51,238.29421487603307,38.89421487603306,235.20560747663552,25.542056074766354,-13.352158801266707,-3.088607399397546,193.02451743973376,13.024517439733756,13.704730581877824,S-BIAD1540,static,BSA 0.1,rep 1,nan
52,275.6148867313916,280.57928802589,275.8529411764706,280.8602941176471,0.28100609175709224,0.2380544450790012,40.269619122826334,40.269619122826334,0.36828568045264337,S-BIAD1540,static,BSA 0.1,rep 1,nan
53,309.1418047882136,43.51381215469613,313.5092024539877,33.65644171779141,-9.857370436904723,4.367397665774092,156.1038268396103,23.896173160389708,10.781554354608254,S-BIAD1540,static,BSA 0.1,rep 1,nan
54,,,,,,,,,,S-BIAD1540,static,BSA 0.1,rep 1,nan
55,325.2691218130312,174.41076487252124,325.42051282051284,175.04102564102564,0.6302607685043995,0.15139100748166356,13.506771621061887,13.506771621061887,0.648188146653477,S-BIAD1540,static,BSA 0.1,rep 1,nan
56,329.33076923076925,524.473076923077,329.47058823529414,524.109243697479,-0.36383322559800035,0.13981900452489526,158.97852091799254,21.02147908200746,0.389774255275253,S-BIAD1540,static,BSA 0.1,rep 1,nan
57,352.64335664335664,434.7832167832168,353.2875,434.7083333333333,-0.07488344988348672,0.644143356643383,96.63102788204603,83.36897211795397,0.6484814530688269,S-BIAD1540,static,BSA 0.1,rep 1,nan
58,342.8774373259053,97.85515320334262,343.09411764705885,97.3,-0.555153203342627,0.21668032115354663,158.67893784458317,21.321062155416826,0.5959408030641837,S-BIAD1540,static,BSA 0.1,rep 1,nan
59,373.42039800995025,721.2363184079602,373.5023474178404,721.0140845070423,-0.22223390091789952,0.08194940789013572,159.75839843196218,20.241601568037822,0.23686201082218866,S-BIAD1540,static,BSA 0.1,rep 1,nan
60,368.5253456221198,951.0299539170506,367.5773195876289,951.3659793814433,0.3360254643926055,-0.9480260344909084,289.51674480199614,70.48325519800386,1.0058163225921635,S-BIAD1540,static,BSA 0.1,rep 1,nan
61,354.55531453362255,216.93492407809111,354.45849802371544,217.50197628458497,0.5670522064938552,-0.09681650990711432,350.3109465332887,9.6890534667113,0.5752578912802015,S-BIAD1540,static,BSA 0.1,rep 1,nan
62,361.9387351778656,623.0869565217391,361.8867924528302,623.3632075471698,0.27625102543072444,-0.05194272503541697,349.3511634020051,10.648836597994887,0.2810919346684136,S-BIAD1540,static,BSA 0.1,rep 1,nan
63,395.5466377440347,456.9175704989154,395.78297872340426,456.73617021276596,-0.18140028614942594,0.23634097936957232,127.50754836308504,52.492451636914964,0.29793140543497965,S-BIAD1540,static,BSA 0.1,rep 1,nan
64,350.3763837638376,286.95571955719555,350.648,286.96,0.004280442804429185,0.2716162361624015,89.09714157435256,89.09714157435256,0.2716499621528254,S-BIAD1540,static,BSA 0.1,rep 1,nan
65,367.93198992443325,108.2015113350126,367.54245283018867,108.38679245283019,0.1852811178175955,-0.38953709424458793,295.43783277638283,64.56216722361717,0.4313562801354058,S-BIAD1540,static,BSA 0.1,rep 1,nan
66,401.3984,538.0608,401.6199460916442,538.2318059299191,0.1710059299191471,0.2215460916441998,52.33634063501628,52.33634063501628,0.27986728781751613,S-BIAD1540,static,BSA 0.1,rep 1,nan
67,448.82406015037594,950.0571428571428,451.00613496932516,951.1349693251534,1.077826468010585,2.182074818949218,63.71312911145371,63.71312911145371,2.433754385848423,S-BIAD1540,static,BSA 0.1,rep 1,nan
68,397.2792079207921,317.66138613861386,397.147859922179,318.0,0.33861386138613625,-0.1313479986130801,338.7987737286737,21.201226271326277,0.36319642600456736,S-BIAD1540,static,BSA 0.1,rep 1,nan
69,410.89329685362515,797.9548563611492,415.23204419889504,797.5911602209944,-0.3636961401547296,4.338747345269894,94.79162514059308,85.20837485940692,4.353964102797588,S-BIAD1540,static,BSA 0.1,rep 1,nan
70,406.72019464720194,363.81508515815085,407.2865853658537,363.3353658536585,-0.4797193044923347,0.5663907186517463,130.2637961735743,49.73620382642571,0.74224595470602,S-BIAD1540,static,BSA 0.1,rep 1,nan
71,420.2581344902386,607.1561822125814,420.75,608.2696078431372,1.1134256305558665,0.4918655097613964,23.83386390676116,23.83386390676116,1.21722977061505,S-BIAD1540,static,BSA 0.1,rep 1,nan
72,432.73506493506494,245.0051948051948,432.5183486238532,245.45871559633028,0.4535207911354746,-0.2167163112117123,334.4590526083991,25.540947391600923,0.5026400974229558,S-BIAD1540,static,BSA 0.1,rep 1,nan
73,469.2123552123552,835.2142857142857,470.1957671957672,834.7354497354497,-0.47883597883594575,0.9834119834119974,115.96204813452407,64.03795186547593,1.0937929528690962,S-BIAD1540,static,BSA 0.1,rep 1,nan
74,383.8359908883827,145.28473804100227,384.04700854700855,144.66666666666666,-0.6180713743356137,0.21101765862584898,161.14942350283488,18.85057649716512,0.6531008161264611,S-BIAD1540,static,BSA 0.1,rep 1,nan
75,455.7940663176265,637.3455497382199,455.5470588235294,637.0764705882353,-0.26907914998457727,-0.24700749409709033,222.55110391407945,42.55110391407945,0.3652619486020228,S-BIAD1540,static,BSA 0.1,rep 1,nan
76,438.62831858407077,95.16283185840707,437.6735751295337,94.44041450777202,-0.7224173506350553,-0.9547434545370947,232.8866199291291,52.8866199291291,1.197255984524612,S-BIAD1540,static,BSA 0.1,rep 1,nan
77,428.1178861788618,1008.5182926829268,428.46992481203006,1008.5751879699249,0.05689528699804214,0.352038633168263,80.81943355836911,80.81943355836911,0.3566066080789424,S-BIAD1540,static,BSA 0.1,rep 1,nan
78,,,,,,,,,,S-BIAD1540,static,BSA 0.1,rep 1,nan
79,450.00281690140844,356.78028169014084,450.74074074074076,357.320987654321,0.5407059641801766,0.7379238393323249,53.76829309044907,53.76829309044907,0.9148193987640255,S-BIAD1540,static,BSA 0.1,rep 1,nan
80,497.95417789757414,674.5552560646901,497.140625,675.3671875,0.8119314353099298,-0.8135528975741408,314.9428460110719,45.05715398892812,1.1493915663496592,S-BIAD1540,static,BSA 0.1,rep 1,nan
81,507.41083521444693,880.0270880361173,507.9817073170732,880.4329268292682,0.405838793150906,0.5708721026262538,54.59059124313404,54.59059124313404,0.7004284999791941,S-BIAD1540,static,BSA 0.1,rep 1,nan
82,475.05329153605015,738.9467084639498,499.5,679.0,-59.94670846394979,24.446708463949847,157.81400380492485,22.18599619507515,64.73985951778971,S-BIAD1540,static,BSA 0.1,rep 1,nan
83,621.0403714170368,965.4638675817521,624.7120879120879,959.7472527472528,-5.716614834499296,3.6717164950511005,147.28782953311728,32.712170466882725,6.794202468726389,S-BIAD1540,static,BSA 0.1,rep 1,nan
84,503.8019801980198,603.546204620462,504.53333333333336,603.974358974359,0.4281543538969572,0.7313531353135545,59.65411373411498,59.65411373411498,0.8474630135255976,S-BIAD1540,static,BSA 0.1,rep 1,nan
85,584.8338797814208,396.72349726775957,584.551094890511,397.61861313868616,0.8951158709265883,-0.28278489090985204,342.46763813002144,17.53236186997856,0.9387223854322222,S-BIAD1540,static,BSA 0.1,rep 1,nan
86,501.26943005181346,530.9248704663213,501.18055555555554,530.9398148148148,0.014944348493486359,-0.08887449625791533,279.54505792799813,80.45494207200187,0.09012219281061115,S-BIAD1540,static,BSA 0.1,rep 1,nan
87,467.56542056074767,84.1355140186916,469.02272727272725,82.63068181818181,-1.5048322005097816,1.4573067119795837,135.9191926429405,44.08080735705951,2.0948180838611874,S-BIAD1540,static,BSA 0.1,rep 1,nan
88,494.2453531598513,308.36431226765797,494.02777777777777,309.06481481481484,0.7005025471568729,-0.21757538207350535,342.745258586231,17.25474141376901,0.7335140526654542,S-BIAD1540,static,BSA 0.1,rep 1,nan
89,,,,,,,,,,S-BIAD1540,static,BSA 0.1,rep 1,nan
90,504.2914438502674,455.5534759358289,503.6842105263158,456.53801169590645,0.9845357600775628,-0.6072333239516183,328.33490897574023,31.665091024259766,1.1567380743231526,S-BIAD1540,static,BSA 0.1,rep 1,nan
91,517.0067415730338,360.80898876404495,516.9668246445498,360.5924170616114,-0.21657170243355495,-0.03991692848398998,190.44314063171404,10.443140631714044,0.2202195801343837,S-BIAD1540,static,BSA 0.1,rep 1,nan
92,,,,,,,,,,S-BIAD1540,static,BSA 0.1,rep 1,nan
93,518.2929292929293,164.75757575757575,520.969696969697,159.1818181818182,-5.575757575757564,2.6767676767676676,154.35561986595113,25.644380134048873,6.184994562568834,S-BIAD1540,static,BSA 0.1,rep 1,nan
94,561.7557603686636,760.5253456221199,563.3041825095057,757.5817490494296,-2.9435965726902396,1.548422140842149,152.25425244477205,27.74574755522795,3.3260144180390903,S-BIAD1540,static,BSA 0.1,rep 1,nan
95,505.24791666666664,71.92708333333333,504.19565217391306,73.14347826086957,1.2163949275362427,-1.0522644927535794,319.13796157158254,40.86203842841746,1.6083771891089007,S-BIAD1540,static,BSA 0.1,rep 1,nan
96,544.3282828282828,295.1969696969697,544.544235924933,295.16890080428954,-0.028068892680153112,0.21595309665019613,97.40560501307073,82.59439498692927,0.2177696091953579,S-BIAD1540,static,BSA 0.1,rep 1,nan
97,570.4035608308606,494.3026706231454,566.0364583333334,489.0364583333333,-5.266212289812074,-4.367102497527185,219.66783868827648,39.667838688276476,6.841387001571824,S-BIAD1540,static,BSA 0.1,rep 1,nan
98,528.8912529550828,233.7210401891253,529.9786096256685,234.1657754010695,0.44473521194422005,1.0873566705856774,67.75515254667462,67.75515254667462,1.1747910187817405,S-BIAD1540,static,BSA 0.1,rep 1,nan
99,,,,,,,,,,S-BIAD1540,static,BSA 0.1,rep 1,nan
100,568.9700598802395,127.44011976047904,569.1277777777777,127.6,0.15988023952095887,0.1577178975381912,44.6099122106353,44.6099122106353,0.224581001407391,S-BIAD1540,static,BSA 0.1,rep 1,nan
101,598.4147339699864,648.8758526603001,594.3069306930693,657.0,8.124147339699903,-4.107803276917139,333.17752268368116,26.82247731631884,9.103615642095408,S-BIAD1540,static,BSA 0.1,rep 1,nan
102,566.4953703703703,458.3912037037037,560.1521739130435,461.0869565217391,2.69575281803543,-6.343196457326826,293.02468350333174,66.97531649666826,6.892258305678158,S-BIAD1540,static,BSA 0.1,rep 1,nan
103,587.9541778975741,177.455525606469,588.7182320441989,177.51933701657458,0.06381141010558622,0.7640541466247441,85.22591516935306,85.22591516935306,0.7667141807962922,S-BIAD1540,static,BSA 0.1,rep 1,nan
104,585.6658163265306,20.455357142857142,585.9581395348837,21.827906976744185,1.3725498338870423,0.292323208353082,12.023112436973792,12.023112436973792,1.4033338535947841,S-BIAD1540,static,BSA 0.1,rep 1,nan
105,621.0314960629921,550.6653543307086,620.2848837209302,549.1918604651163,-1.4734938655923315,-0.7466123420618942,206.8711162227722,26.8711162227722,1.6518517370688506,S-BIAD1540,static,BSA 0.1,rep 1,nan
106,592.0823170731708,306.2012195121951,592.1494252873563,306.42528735632186,0.22406784412675051,0.0671082141855095,16.672933481076573,16.672933481076573,0.23390149888954961,S-BIAD1540,static,BSA 0.1,rep 1,nan
107,664.1093544137022,777.9209486166008,665.8302387267904,776.0079575596817,-1.9129910569190542,1.7208843130881633,138.02615466302862,41.97384533697138,2.5731260371161766,S-BIAD1540,static,BSA 0.1,rep 1,nan
108,649.3655839668279,884.1831375259156,653.5072463768116,876.1256038647343,-8.05753366118131,4.141662409983724,152.79632921924616,27.20367078075384,9.059647687374055,S-BIAD1540,static,BSA 0.1,rep 1,nan
109,626.363184079602,215.57462686567163,626.1722689075631,216.4453781512605,0.8707512855888808,-0.19091517203889907,347.633390556315,12.366609443684979,0.8914350252650672,S-BIAD1540,static,BSA 0.1,rep 1,nan
110,623.5305623471883,93.50366748166259,623.7027027027027,93.4054054054054,-0.09826207625718553,0.1721403555144434,119.7188194546895,60.281180545310505,0.19821134585843442,S-BIAD1540,static,BSA 0.1,rep 1,nan
111,712.1656626506024,448.7379518072289,711.9459459459459,450.02027027027026,1.2823184630413493,-0.21971670465643456,350.2771665326521,9.722833467347925,1.3010057920554432,S-BIAD1540,static,BSA 0.1,rep 1,nan
112,609.2954545454545,451.453125,609.3840579710145,451.3768115942029,-0.07631340579712287,0.08860342555999523,130.73805154471688,49.26194845528312,0.1169371751211819,S-BIAD1540,static,BSA 0.1,rep 1,nan
113,,,,,,,,,,S-BIAD1540,static,BSA 0.1,rep 1,nan
114,,,,,,,,,,S-BIAD1540,static,BSA 0.1,rep 1,nan
115,723.73875,190.54,730.5908141962421,182.9561586638831,-7.583841336116905,6.852064196242168,137.90192284693205,42.09807715306795,10.220833290921991,S-BIAD1540,static,BSA 0.1,rep 1,nan
116,669.6238532110092,310.8165137614679,669.8559322033898,311.0169491525424,0.2004353910745067,0.23207899238059326,49.18441638869186,49.18441638869186,0.30665127539206793,S-BIAD1540,static,BSA 0.1,rep 1,nan
117,675.5344827586207,224.0448275862069,675.4557823129252,223.87755102040816,-0.16727656579874406,-0.07870044569551737,205.19609318539918,25.196093185399178,0.18486538242216857,S-BIAD1540,static,BSA 0.1,rep 1,nan
118,641.4846416382253,661.9795221843003,641.4453781512605,662.4033613445379,0.42383916023754864,-0.03926348696484183,354.7073560436431,5.292643956356926,0.4256539147705666,S-BIAD1540,static,BSA 0.1,rep 1,nan
119,,,,,,,,,,S-BIAD1540,static,BSA 0.1,rep 1,nan
120,,,,,,,,,,S-BIAD1540,static,BSA 0.1,rep 1,nan
121,746.2355623100304,532.1337386018237,747.5067873303168,533.5429864253393,1.4092478235156705,1.2712250202863515,42.05233128567793,42.05233128567793,1.8978915881276488,S-BIAD1540,static,BSA 0.1,rep 1,nan
122,702.6452282157676,104.61618257261411,702.4246031746031,104.64682539682539,0.030642824211284392,-0.22062504116445325,277.90727923619335,82.09272076380665,0.22274288196137798,S-BIAD1540,static,BSA 0.1,rep 1,nan
123,757.7282608695652,355.3978260869565,740.6796116504854,358.99029126213594,3.592465175179427,-17.048649219079834,281.8991996703118,78.10080032968818,17.423037801431427,S-BIAD1540,static,BSA 0.1,rep 1,nan
124,746.4984848484848,146.46666666666667,746.487972508591,147.18556701030928,0.7189003436426162,-0.01051233989380762,359.16223466934247,0.8377653306575326,0.7189771994851538,S-BIAD1540,static,BSA 0.1,rep 1,nan
125,761.0254609306409,816.4978050921861,755.3731343283582,817.9492537313433,1.4514486391572063,-5.652326602282642,284.401691136379,75.59830886362101,5.835708969009964,S-BIAD1540,static,BSA 0.1,rep 1,nan
126,,,,,,,,,,S-BIAD1540,static,BSA 0.1,rep 1,nan
127,728.210332103321,618.5424354243543,728.0617283950618,618.9506172839506,0.40818185959631137,-0.148603708259202,339.9953320969728,20.00466790302721,0.43439094444047616,S-BIAD1540,static,BSA 0.1,rep 1,nan
128,760.7495462794918,473.2431941923775,761.7454545454545,474.6318181818182,1.3886239894407026,0.9959082659627256,35.64774046698151,35.64774046698151,1.7088328936040222,S-BIAD1540,static,BSA 0.1,rep 1,nan
129,771.8344827586207,266.1978221415608,762.5591397849462,246.72043010752688,-19.477392034033898,-9.27534297367447,205.46429075725885,25.46429075725885,21.573149694162407,S-BIAD1540,static,BSA 0.1,rep 1,nan
130,783.3847438752784,675.1603563474388,785.8306772908367,681.1772908366534,6.016934489214577,2.4459334155582155,22.122146980079364,22.122146980079364,6.4950820565135405,S-BIAD1540,static,BSA 0.1,rep 1,nan
131,873.8086895585144,955.4569025928521,861.1947368421053,954.9315789473684,-0.5253236454836951,-12.61395271640913,267.6152245611026,87.6152245611026,12.624886853525046,S-BIAD1540,static,BSA 0.1,rep 1,nan
132,,,,,,,,,,S-BIAD1540,static,BSA 0.1,rep 1,nan
133,770.1687242798354,56.135802469135804,770.0277777777778,56.18518518518518,0.04938271604937938,-0.14094650205754533,289.30867293489655,70.69132706510345,0.1493471428808441,S-BIAD1540,static,BSA 0.1,rep 1,nan
134,824.9107142857143,1008.6130952380952,838.0405405405405,1007.6824324324324,-0.9306628056627915,13.129826254826185,94.05443425248203,85.94556574751797,13.162768353950742,S-BIAD1540,static,BSA 0.1,rep 1,nan
135,832.7976261127596,130.68308605341247,841.4428571428572,121.77142857142857,-8.911657481983895,8.645231030097534,135.8693989049428,44.13060109505719,12.416024268660271,S-BIAD1540,static,BSA 0.1,rep 1,nan
136,818.3780160857909,526.5415549597856,817.9719101123595,526.5,-0.041554959785571555,-0.40610597343140853,264.1575205150067,84.1575205150067,0.4082265012703761,S-BIAD1540,static,BSA 0.1,rep 1,nan
137,877.9708360337006,849.100453661698,869.8428571428572,854.775,5.67454633830198,-8.127978890843451,304.92080922966323,55.079190770336766,9.912846059307748,S-BIAD1540,static,BSA 0.1,rep 1,nan
138,848.960498960499,10.731808731808732,839.3333333333334,9.5,-1.2318087318087318,-9.627165627165596,262.7085468404416,82.70854684044161,9.705651485842616,S-BIAD1540,static,BSA 0.1,rep 1,nan
139,816.4418604651163,391.04651162790697,816.0128205128206,391.34615384615387,0.29964221824690185,-0.42903995229573866,304.9305125008934,55.06948749910657,0.5233170545872298,S-BIAD1540,static,BSA 0.1,rep 1,nan
140,874.0619946091645,542.0053908355795,874.738219895288,542.0785340314136,0.07314319583406359,0.6762252861235538,83.82666256540116,83.82666256540116,0.680169511731967,S-BIAD1540,static,BSA 0.1,rep 1,nan
141,889.3557692307693,279.87339743589746,889.8996282527881,279.6022304832714,-0.2711669526260607,0.5438590220188644,116.50074645848606,63.49925354151394,0.6077122279729279,S-BIAD1540,static,BSA 0.1,rep 1,nan
142,879.0379048931771,400.6478290833908,892.0916030534352,391.587786259542,-9.06004282384879,13.053698160258023,124.76294767211392,55.237052327886076,15.889726606493191,S-BIAD1540,static,BSA 0.1,rep 1,nan
143,857.1534090909091,999.3323863636364,858.438596491228,998.5847953216374,-0.7475910419989305,1.2851874003189323,120.18648162617532,59.81351837382468,1.48680833331522,S-BIAD1540,static,BSA 0.1,rep 1,nan
144,848.960498960499,10.731808731808732,849.9461077844311,6.598802395209581,-4.133006336599151,0.9856088239321252,166.58704193224722,13.412958067752783,4.248901756004909,S-BIAD1540,static,BSA 0.1,rep 1,nan
145,885.3271028037383,204.8747663551402,881.4879518072289,208.77710843373495,3.9023420785947565,-3.8391509965093746,315.4676748868387,44.53232511316128,5.474244612032803,S-BIAD1540,static,BSA 0.1,rep 1,nan
146,932.0483091787439,427.8840579710145,933.8339920948616,424.05928853754943,-3.8247694334650646,1.7856829161177075,154.97338298197127,25.02661701802873,4.2210809866766725,S-BIAD1540,static,BSA 0.1,rep 1,nan
147,984.0568181818181,742.290909090909,981.6130952380952,745.264880952381,2.9739718614719095,-2.443722943722946,320.5899364990329,39.41006350096711,3.8491934815626814,S-BIAD1540,static,BSA 0.1,rep 1,nan
148,876.6725440806046,711.2040302267003,876.7979274611399,711.2953367875648,0.09130656086449562,0.1253833805353679,53.93718118064697,53.93718118064697,0.15510602880410135,S-BIAD1540,static,BSA 0.1,rep 1,nan
149,883.8397435897435,16.64423076923077,883.875816993464,16.18954248366013,-0.45468828557064,0.03607340372047929,175.46385139819793,4.5361486018020685,0.45611701074521277,S-BIAD1540,static,BSA 0.1,rep 1,nan
150,1016.9488272921109,573.3944562899787,881.7647058823529,652.6470588235294,79.25260253355066,-135.18412140975795,300.38125147045093,59.618748529549066,156.70265374162983,S-BIAD1540,static,BSA 0.1,rep 1,nan
151,922.6482412060302,60.64949748743719,924.9218106995885,61.806584362139915,1.1570868747027276,2.273569493558284,63.027108520979155,63.027108520979155,2.5510719859792665,S-BIAD1540,static,BSA 0.1,rep 1,nan
152,953.152380952381,660.4642857142857,953.2903225806451,660.7004608294931,0.2361751152074021,0.13794162826411593,30.287707091817527,30.287707091817527,0.27350791186250023,S-BIAD1540,static,BSA 0.1,rep 1,nan
153,1001.6755162241888,457.1858407079646,1000.0698151950719,460.22792607802876,3.0420853700641715,-1.605701029116858,332.173606022691,27.82639397730901,3.4398487166829597,S-BIAD1540,static,BSA 0.1,rep 1,nan
154,988.0827205882352,872.46875,987.0765306122449,873.8673469387755,1.3985969387755404,-1.00618997599031,324.2676978348229,35.73230216517709,1.722931125998858,S-BIAD1540,static,BSA 0.1,rep 1,nan
155,,,,,,,,,,S-BIAD1540,static,BSA 0.1,rep 1,nan
156,993.1355599214145,212.66797642436148,993.3629893238434,212.7935943060498,0.12561788168832777,0.22742940242892473,61.08646511032851,61.08646511032851,0.2598152907144622,S-BIAD1540,static,BSA 0.1,rep 1,nan
157,,,,,,,,,,S-BIAD1540,static,BSA 0.1,rep 1,nan
158,,,,,,,,,,S-BIAD1540,static,BSA 0.1,rep 1,nan
159,,,,,,,,,,S-BIAD1540,static,BSA 0.1,rep 1,nan
1,13.676489849377866,282.9102815979044,15.256983240223464,267.7243947858473,-15.18588681205705,1.5804933908455983,174.05824979071366,5.94175020928634,15.26791137081673,S-BIAD1540,static,BSA 0.1 BMP9 1ng/ml,rep 3,nan
2,110.16381304951412,413.34775566867194,83.53737373737374,433.8949494949495,20.547193826277578,-26.626439312140377,307.65678991306464,52.34321008693536,33.632639571965115,S-BIAD1540,static,BSA 0.1 BMP9 1ng/ml,rep 3,nan
3,,,,,,,,,,S-BIAD1540,static,BSA 0.1 BMP9 1ng/ml,rep 3,nan
4,71.47965941343425,889.0974456007568,71.01388888888889,894.1944444444445,5.096998843687629,-0.4657705245453627,354.7787368092742,5.221263190725779,5.118235965065336,S-BIAD1540,static,BSA 0.1 BMP9 1ng/ml,rep 3,nan
5,147.42782969885775,743.9359640013846,133.02305475504323,736.9279538904899,-7.008010110894702,-14.404774943814516,244.05679828017975,64.05679828017975,16.019043257833747,S-BIAD1540,static,BSA 0.1 BMP9 1ng/ml,rep 3,nan
6,103.38899960143483,163.4651255480271,104.77091633466135,143.81274900398407,-19.652376544043022,1.381916733226518,175.97769357929243,4.022306420707565,19.7009034738619,S-BIAD1540,static,BSA 0.1 BMP9 1ng/ml,rep 3,nan
7,71.10005437737901,609.0190320826537,81.32116788321167,624.2481751824818,15.229143099828093,10.221113505832662,33.867729258770574,33.867729258770574,18.341154839708334,S-BIAD1540,static,BSA 0.1 BMP9 1ng/ml,rep 3,nan
8,133.3675799086758,955.6449771689498,114.55614973262033,973.4224598930481,17.777482724098263,-18.811430176055467,313.3813385169475,46.618661483052506,25.88259641678598,S-BIAD1540,static,BSA 0.1 BMP9 1ng/ml,rep 3,nan
9,222.44180225281602,837.0229453483521,246.77637130801688,810.957805907173,-26.0651394411791,24.33456905520086,136.96658753229994,43.03341246770006,35.658978465324125,S-BIAD1540,static,BSA 0.1 BMP9 1ng/ml,rep 3,nan
10,135.9651567944251,282.25286212045796,136.50704225352112,267.65140845070425,-14.60145366975371,0.5418854590960223,177.87462889507438,2.1253711049256196,14.611505368056495,S-BIAD1540,static,BSA 0.1 BMP9 1ng/ml,rep 3,nan
11,,,,,,,,,,S-BIAD1540,static,BSA 0.1 BMP9 1ng/ml,rep 3,nan
12,241.80636445511857,145.74482137496247,263.08990825688073,167.55045871559633,21.805637340633865,21.283543801762164,44.30580503668105,44.30580503668105,30.470888674155447,S-BIAD1540,static,BSA 0.1 BMP9 1ng/ml,rep 3,nan
13,173.1453488372093,14.715116279069768,187.51724137931035,15.310344827586206,0.5952285485164381,14.371892542101051,87.62838442715632,87.62838442715632,14.384213300235393,S-BIAD1540,static,BSA 0.1 BMP9 1ng/ml,rep 3,nan
14,177.57838795394153,174.08901682905227,179.6608040201005,193.79396984924622,19.704953020193955,2.08241606615897,6.03261680188741,6.03261680188741,19.81468218772756,S-BIAD1540,static,BSA 0.1 BMP9 1ng/ml,rep 3,nan
15,,,,,,,,,,S-BIAD1540,static,BSA 0.1 BMP9 1ng/ml,rep 3,nan
16,,,,,,,,,,S-BIAD1540,static,BSA 0.1 BMP9 1ng/ml,rep 3,nan
17,341.0614115490376,356.4372135655362,326.2939068100358,356.0430107526882,-0.3942028128479933,-14.767504739001765,268.4709133039499,88.47091330394989,14.772765214207423,S-BIAD1540,static,BSA 0.1 BMP9 1ng/ml,rep 3,nan
18,278.59564891222806,687.3240810202551,296.5945945945946,697.018018018018,9.693936997762876,17.998945682366525,61.69382276897506,61.69382276897506,20.443445409063916,S-BIAD1540,static,BSA 0.1 BMP9 1ng/ml,rep 3,nan
19,303.580547112462,463.99797365754813,313.4594594594595,464.4594594594595,0.46148580191135125,9.878912346997481,87.32541605003773,87.32541605003773,9.889685450257002,S-BIAD1540,static,BSA 0.1 BMP9 1ng/ml,rep 3,nan
20,,,,,,,,,,S-BIAD1540,static,BSA 0.1 BMP9 1ng/ml,rep 3,nan
21,414.0517302889761,386.2479486264716,416.2523076923077,386.7323076923077,0.4843590658360881,2.200577403331579,77.58681902757513,77.58681902757513,2.253252008256325,S-BIAD1540,static,BSA 0.1 BMP9 1ng/ml,rep 3,nan
22,,,,,,,,,,S-BIAD1540,static,BSA 0.1 BMP9 1ng/ml,rep 3,nan
23,433.1830568720379,984.1137440758293,421.06048387096774,985.0262096774194,0.9124656015900428,-12.12257300107018,274.30453414750446,85.69546585249554,12.156865123886204,S-BIAD1540,static,BSA 0.1 BMP9 1ng/ml,rep 3,nan
24,415.71525577184246,238.26346763241287,423.94642857142856,251.46428571428572,13.200818081872853,8.23117279958609,31.9449855014689,31.9449855014689,15.556792847092462,S-BIAD1540,static,BSA 0.1 BMP9 1ng/ml,rep 3,nan
25,417.89285714285717,51.63775510204081,412.8727272727273,53.554545454545455,1.9167903525046412,-5.020129870129892,290.89789990297936,69.10210009702064,5.373619745425353,S-BIAD1540,static,BSA 0.1 BMP9 1ng/ml,rep 3,nan
26,405.41322314049586,665.4814049586777,404.718253968254,666.0873015873016,0.6058966286238956,-0.6949691722418834,311.08297220728304,48.917027792716965,0.9220048128639955,S-BIAD1540,static,BSA 0.1 BMP9 1ng/ml,rep 3,nan
27,468.74411047928515,590.6043866774979,482.2780082987552,584.8008298755186,-5.803556801979312,13.533897819470042,113.21044539012372,66.78955460987628,14.725748257445401,S-BIAD1540,static,BSA 0.1 BMP9 1ng/ml,rep 3,nan
28,438.6786703601108,80.32963988919667,433.4362745098039,84.00980392156863,3.6801640323719624,-5.2423958503068775,305.0688707528301,54.931129247169906,6.405179275904698,S-BIAD1540,static,BSA 0.1 BMP9 1ng/ml,rep 3,nan
29,539.9786053882726,12.548335974643424,552.4129692832764,17.331058020477816,4.782722045834392,12.434363895003798,68.96138754866203,68.96138754866203,13.32245606639723,S-BIAD1540,static,BSA 0.1 BMP9 1ng/ml,rep 3,nan
30,437.71232876712327,139.53424657534248,439.64233576642334,139.91970802919707,0.38546145385458885,1.9300069993000761,78.70548112643425,78.70548112643425,1.9681228492538207,S-BIAD1540,static,BSA 0.1 BMP9 1ng/ml,rep 3,nan
31,487.3805787150564,200.34624816086315,508.2801724137931,204.41810344827587,4.071855287412717,20.89959369873668,78.97520792720692,78.97520792720692,21.292557907726934,S-BIAD1540,static,BSA 0.1 BMP9 1ng/ml,rep 3,nan
32,495.2939322301024,753.7683215130023,514.0970149253732,745.1641791044776,-8.604142408524694,18.803082695270746,114.58845893866682,65.41154106133318,20.67818138597694,S-BIAD1540,static,BSA 0.1 BMP9 1ng/ml,rep 3,nan
33,512.6930884485258,478.56887385210246,518.0212121212121,489.26666666666665,10.697792814564195,5.328123672686274,26.47597753471798,26.47597753471798,11.951220564226116,S-BIAD1540,static,BSA 0.1 BMP9 1ng/ml,rep 3,nan
34,481.69967845659164,102.29774919614148,483.8837209302326,105.01860465116279,2.720855455021308,2.184042473640943,38.754163627178045,38.754163627178045,3.488996407820859,S-BIAD1540,static,BSA 0.1 BMP9 1ng/ml,rep 3,nan
35,598.5573899371069,81.5251572327044,603.7422680412371,81.27319587628865,-0.25196135641574813,5.1848781041302345,92.78212413911118,87.21787586088882,5.190996578675042,S-BIAD1540,static,BSA 0.1 BMP9 1ng/ml,rep 3,nan
36,554.02460456942,111.37609841827768,553.9251497005988,111.42514970059881,0.04905128232113043,-0.09945486882122623,296.25258047532395,63.74741952467605,0.1108931883823103,S-BIAD1540,static,BSA 0.1 BMP9 1ng/ml,rep 3,nan
37,555.2668408826945,945.9024390243902,572.8495145631068,942.0728155339806,-3.829623490409631,17.582673680412313,102.28749616434398,77.71250383565602,17.99490010614566,S-BIAD1540,static,BSA 0.1 BMP9 1ng/ml,rep 3,nan
38,602.3261421319797,557.9822335025381,582.9223300970874,505.20873786407765,-52.77349563846042,-19.403812034892326,200.1875164906917,20.187516490691706,56.22766012727217,S-BIAD1540,static,BSA 0.1 BMP9 1ng/ml,rep 3,nan
39,609.316606311433,280.76564924987065,620.9611650485436,292.46278317152104,11.69713392165039,11.644558737110628,44.87094633062534,44.87094633062534,16.505111031527285,S-BIAD1540,static,BSA 0.1 BMP9 1ng/ml,rep 3,nan
40,634.5153374233129,229.50613496932516,642.0529411764705,241.19117647058823,11.685041501263072,7.5376037531576685,32.82461993730404,32.82461993730404,13.905238769106301,S-BIAD1540,static,BSA 0.1 BMP9 1ng/ml,rep 3,nan
41,651.932239657632,381.05884450784595,672.3538011695906,333.2690058479532,-47.78983865989272,20.421561511958657,156.86200463071626,23.137995369283743,51.970268940282466,S-BIAD1540,static,BSA 0.1 BMP9 1ng/ml,rep 3,nan
42,666.4895738893925,154.89664551223936,674.4193548387096,164.59677419354838,9.700128681309025,7.929780949317092,39.26573566002102,39.26573566002102,12.528923430929979,S-BIAD1540,static,BSA 0.1 BMP9 1ng/ml,rep 3,nan
43,724.7473625763465,972.9361465852304,734.3377659574468,962.5345744680851,-10.401572117145292,9.59040338110026,137.32348550645054,42.67651449354946,14.148093140787337,S-BIAD1540,static,BSA 0.1 BMP9 1ng/ml,rep 3,nan
44,703.7978142076503,123.11111111111111,702.8235294117648,123.71764705882353,0.6065359477124161,-0.9742847958855236,301.9041143500651,58.09588564993493,1.1476570565116981,S-BIAD1540,static,BSA 0.1 BMP9 1ng/ml,rep 3,nan
45,701.780292942743,507.59920106524635,692.7220216606498,510.39350180505414,2.7943007398077953,-9.058271282093187,287.14397813876076,72.85602186123924,9.479472308334708,S-BIAD1540,static,BSA 0.1 BMP9 1ng/ml,rep 3,nan
46,,,,,,,,,,S-BIAD1540,static,BSA 0.1 BMP9 1ng/ml,rep 3,nan
47,,,,,,,,,,S-BIAD1540,static,BSA 0.1 BMP9 1ng/ml,rep 3,nan
48,836.800170794193,201.33048676345004,843.0199335548173,194.5016611295681,-6.828825633881934,6.219762760624235,137.6724286921474,42.327571307852594,9.23679101941854,S-BIAD1540,static,BSA 0.1 BMP9 1ng/ml,rep 3,nan
49,,,,,,,,,,S-BIAD1540,static,BSA 0.1 BMP9 1ng/ml,rep 3,nan
50,742.8806282722513,912.1151832460733,737.3667820069204,916.6539792387543,4.538795992681003,-5.513846265330926,309.45995876054724,50.54004123945276,7.141650348545561,S-BIAD1540,static,BSA 0.1 BMP9 1ng/ml,rep 3,nan
51,780.3969171483623,575.504816955684,780.2716535433071,575.4015748031496,-0.10324215253433522,-0.12526360505512457,230.50468316588592,50.50468316588592,0.1623265622482321,S-BIAD1540,static,BSA 0.1 BMP9 1ng/ml,rep 3,nan
52,,,,,,,,,,S-BIAD1540,static,BSA 0.1 BMP9 1ng/ml,rep 3,nan
53,844.5720461095101,791.3220461095101,837.4617414248021,773.1372031662269,-18.18484294328323,-7.110304684708012,201.35558335640474,21.355583356404736,19.525494758936546,S-BIAD1540,static,BSA 0.1 BMP9 1ng/ml,rep 3,nan
54,960.2303338992643,322.169779286927,962.3694029850747,315.7929104477612,-6.376868839165809,2.13906908581032,161.45638857258228,18.543611427417716,6.726074096067727,S-BIAD1540,static,BSA 0.1 BMP9 1ng/ml,rep 3,nan
55,,,,,,,,,,S-BIAD1540,static,BSA 0.1 BMP9 1ng/ml,rep 3,nan
56,877.5691906005222,906.4843342036554,876.432786885246,910.272131147541,3.78779694388561,-1.1364037152762876,343.29985884180235,16.700141158197653,3.954594681152914,S-BIAD1540,static,BSA 0.1 BMP9 1ng/ml,rep 3,nan
57,996.5891156462585,425.1986394557823,995.9332247557003,424.90065146579803,-0.29798798998427856,-0.6558908905582257,245.5664881924256,65.5664881924256,0.7204093992252828,S-BIAD1540,static,BSA 0.1 BMP9 1ng/ml,rep 3,nan
58,952.9563279857398,234.27985739750446,960.9432624113475,235.854609929078,1.5747525315735516,7.986934425607728,78.84627900417405,78.84627900417405,8.140698192087406,S-BIAD1540,static,BSA 0.1 BMP9 1ng/ml,rep 3,nan
59,,,,,,,,,,S-BIAD1540,static,BSA 0.1 BMP9 1ng/ml,rep 3,nan
60,,,,,,,,,,S-BIAD1540,static,BSA 0.1 BMP9 1ng/ml,rep 3,nan
61,912.2740585774059,750.4267782426779,911.5638766519824,752.0088105726873,1.5820323300093833,-0.7101819254235124,335.8244587320189,24.17554126798109,1.7341236000911715,S-BIAD1540,static,BSA 0.1 BMP9 1ng/ml,rep 3,nan
62,936.806976744186,787.4441860465116,936.8632478632478,784.7094017094017,-2.734784337109886,0.056271119061761965,178.82124425607228,1.1787557439277236,2.7353631951428357,S-BIAD1540,static,BSA 0.1 BMP9 1ng/ml,rep 3,nan
63,,,,,,,,,,S-BIAD1540,static,BSA 0.1 BMP9 1ng/ml,rep 3,nan
64,965.9783281733746,1007.7585139318885,966.8896551724138,1005.6620689655173,-2.096444966371223,0.9113269990391473,156.50536056179058,23.49463943820942,2.2859567791629254,S-BIAD1540,static,BSA 0.1 BMP9 1ng/ml,rep 3,nan
65,1012.4777975133215,792.5026642984014,1013.2833876221498,794.6872964169381,2.1846321185366833,0.8055901088282553,20.241614434926383,20.241614434926383,2.3284314284049676,S-BIAD1540,static,BSA 0.1 BMP9 1ng/ml,rep 3,nan
66,,,,,,,,,,S-BIAD1540,static,BSA 0.1 BMP9 1ng/ml,rep 3,nan
1,31.618510158013542,62.51015801354402,26.321766561514195,64.44479495268139,1.93463693913737,-5.296743596499347,290.06473390509933,69.93526609490067,5.638999274102777,S-BIAD1540,static,EGM2,rep 3,nan
2,7.536489151873767,219.98422090729784,5.8161764705882355,220.06617647058823,0.08195556329039277,-1.7203126812855318,272.7275043452103,87.27249565478968,1.7222637532463085,S-BIAD1540,static,EGM2,rep 3,nan
3,,,,,,,,,,S-BIAD1540,static,EGM2,rep 3,nan
4,55.57571075401731,466.72620519159454,43.04666666666667,483.79333333333335,17.067128141738806,-12.529044087350641,323.71746512164987,36.282534878350134,21.172241467291762,S-BIAD1540,static,EGM2,rep 3,nan
5,8.809148264984227,822.2223974763407,6.355828220858895,827.3374233128834,5.1150258365427135,-2.4533200441253316,334.37622453432033,25.62377546567967,5.672941789530949,S-BIAD1540,static,EGM2,rep 3,nan
6,52.321432923114415,951.9705129767272,63.56516290726817,972.9473684210526,20.97685544432545,11.243729984153752,28.1915958043602,28.1915958043602,23.80020857657942,S-BIAD1540,static,EGM2,rep 3,nan
7,194.27477124183005,495.2318954248366,208.32991803278688,474.6393442622951,-20.592551162541497,14.055146790956826,145.685076666378,34.314923333622005,24.931913578729432,S-BIAD1540,static,EGM2,rep 3,nan
8,55.57571075401731,466.72620519159454,68.66923076923077,457.45,-9.276205191594556,13.093520015213457,125.31595846622605,54.68404153377395,16.046440388614577,S-BIAD1540,static,EGM2,rep 3,nan
9,181.4705695195673,104.77855552020362,166.0706106870229,96.71374045801527,-8.064815062188359,-15.3999588325444,242.35936766213206,62.35936766213206,17.383899851050757,S-BIAD1540,static,EGM2,rep 3,nan
10,189.65001966181674,656.7672040896579,193.64255319148936,651.4638297872341,-5.3033743024237765,3.992533529672613,143.026508751682,36.973491248318,6.638230410069308,S-BIAD1540,static,EGM2,rep 3,nan
11,130.58640658335872,209.1420298689424,141.34913294797687,216.98959537572253,7.847565506780143,10.762726364618146,53.90260510683889,53.90260510683889,13.319931050228902,S-BIAD1540,static,EGM2,rep 3,nan
12,104.14569961489089,339.8697047496791,92.27838827838828,332.68131868131866,-7.188386068360444,-11.86731133650261,238.7954545027834,58.7954545027834,13.874652162316787,S-BIAD1540,static,EGM2,rep 3,nan
13,119.93389592123769,468.7180028129395,120.6864406779661,464.90677966101697,-3.8112231519225475,0.7525447567284118,168.8303497806336,11.169650219366389,3.884809586663143,S-BIAD1540,static,EGM2,rep 3,nan
14,197.60602094240838,12.822643979057592,215.69117647058823,14.183823529411764,1.3611795503541728,18.085155528179854,85.69574751056291,85.69574751056291,18.13630778981093,S-BIAD1540,static,EGM2,rep 3,nan
15,440.66544566544565,343.38400488400487,409.9496402877698,331.23021582733816,-12.15378905666671,-30.71580537767585,248.41202850211897,68.41202850211897,33.032942473131456,S-BIAD1540,static,EGM2,rep 3,nan
16,181.4705695195673,104.77855552020362,213.3125,101.875,-2.903555520203625,31.841930480432694,95.21019496854281,84.78980503145719,31.974039021988034,S-BIAD1540,static,EGM2,rep 3,nan
17,251.0031847133758,236.4824840764331,256.45238095238096,249.40714285714284,12.924658780709734,5.449196239005175,22.86089073469459,22.86089073469459,14.02642307393319,S-BIAD1540,static,EGM2,rep 3,nan
18,302.12531839021904,854.2987773815588,299.94484412470024,869.4388489208633,15.140071539304472,-2.1804742655187965,351.80460972226047,8.195390277739534,15.296281712816583,S-BIAD1540,static,EGM2,rep 3,nan
19,397.62476780185756,478.359133126935,399.60271903323263,476.4274924471299,-1.9316406798050707,1.977951231375073,134.3213421961364,45.67865780386359,2.7646928924522456,S-BIAD1540,static,EGM2,rep 3,nan
20,406.8031330371756,911.1627308861351,427.49043062200957,910.6028708133971,-0.5598600727380472,20.68729758483397,91.55021656749729,88.44978343250271,20.69487194124486,S-BIAD1540,static,EGM2,rep 3,nan
21,370.33917355371904,84.24132231404958,382.2153846153846,93.77692307692308,9.5356007628735,11.876211061665572,51.23845927915187,51.23845927915187,15.230629372752176,S-BIAD1540,static,EGM2,rep 3,nan
22,307.7715877437326,184.466573816156,305.3468634686347,184.24354243542436,-0.22303138073164064,-2.4247242750979012,264.74459853245963,84.74459853245963,2.434960124322389,S-BIAD1540,static,EGM2,rep 3,nan
23,430.4264049955397,696.4116859946477,446.4653937947494,700.3937947494034,3.9821087547557,16.038988799209676,76.05671866055616,76.05671866055616,16.52592968143927,S-BIAD1540,static,EGM2,rep 3,nan
24,350.5984107579462,416.5721271393643,339.7694805194805,415.52272727272725,-1.0493998666370317,-10.828930238465716,264.4649175013537,84.46491750135368,10.879658551152007,S-BIAD1540,static,EGM2,rep 3,nan
25,413.57865731462925,1006.5511022044088,418.4639175257732,1014.4536082474227,7.9025060430138865,4.88526021114393,31.72399458532804,31.72399458532804,9.290606497449831,S-BIAD1540,static,EGM2,rep 3,nan
26,393.07125603864733,229.96437198067633,388.5295138888889,233.90277777777777,3.9384057971014386,-4.54174214975842,310.93043943230197,49.06956056769803,6.011527424667915,S-BIAD1540,static,EGM2,rep 3,nan
27,481.227761485826,474.0728250244379,479.40939597315435,484.56711409395973,10.494289069521813,-1.8183655126716758,350.16985270965193,9.830147290348066,10.650659895628943,S-BIAD1540,static,EGM2,rep 3,nan
28,440.66544566544565,343.38400488400487,439.3695090439276,331.29328165374676,-12.090723230258106,-1.295936621518024,186.11785539737954,6.117855397379543,12.159976971922873,S-BIAD1540,static,EGM2,rep 3,nan
29,443.2124044180119,178.3823279524214,438.5959595959596,179.73232323232324,1.349995279901833,-4.616444822052301,286.30059845974506,73.69940154025494,4.809786902848268,S-BIAD1540,static,EGM2,rep 3,nan
30,535.4447750092971,521.452584603942,526.6954545454546,502.51363636363635,-18.93894824030565,-8.749320463842537,204.79575626433424,24.795756264334244,20.86227142542226,S-BIAD1540,static,EGM2,rep 3,nan
31,543.7266210492016,131.9188660801564,539.6385416666667,122.20625,-9.712616080156394,-4.088079382534943,202.82642235941304,22.826422359413044,10.53789846973389,S-BIAD1540,static,EGM2,rep 3,nan
32,637.0295546558705,655.6238866396761,626.6333333333333,674.3388888888888,18.715002249212716,-10.396221322537144,330.9477404222068,29.052259577793222,21.408706802962506,S-BIAD1540,static,EGM2,rep 3,nan
33,687.7820751208628,291.07660840461136,671.3290322580646,288.4602150537634,-2.616393350847943,-16.45304286279827,260.9643762338475,80.96437623384747,16.659775917203643,S-BIAD1540,static,EGM2,rep 3,nan
34,673.204833836858,414.92205438066463,669.2013422818792,422.6532438478747,7.731189467210072,-4.003491554978837,332.6232330272247,27.376766972775272,8.706275622141009,S-BIAD1540,static,EGM2,rep 3,nan
35,734.9085487077534,492.03260437375747,738.5682704811444,495.0871261378414,3.0545217640839155,3.65972177339097,50.15053601263234,50.15053601263234,4.766934724316483,S-BIAD1540,static,EGM2,rep 3,nan
36,721.1215074723847,790.4470435347629,712.7487046632124,794.8134715025907,4.3664279678278035,-8.372802809172299,297.542101765884,62.45789823411599,9.442961404110068,S-BIAD1540,static,EGM2,rep 3,nan
37,,,,,,,,,,S-BIAD1540,static,EGM2,rep 3,nan
38,765.7596606974553,674.7723845428841,778.5951417004048,663.8866396761133,-10.885744866770779,12.835481002949564,130.30120830825564,49.69879169174436,16.83000338328859,S-BIAD1540,static,EGM2,rep 3,nan
39,790.6860226104831,611.0231243576567,801.2388059701492,616.2089552238806,5.18583086622391,10.552783359666137,63.82965361647264,63.82965361647264,11.758149446623271,S-BIAD1540,static,EGM2,rep 3,nan
40,868.7329279700655,945.3952291861552,875.7278481012659,938.506329113924,-6.888900072231195,6.994920131200388,134.56248469328898,45.43751530671102,9.817629645034458,S-BIAD1540,static,EGM2,rep 3,nan
41,794.0102739726027,41.474470734744706,784.2447552447552,30.361888111888113,-11.112582622856593,-9.765518727847507,221.3083691044095,41.30836910440951,14.793743561849201,S-BIAD1540,static,EGM2,rep 3,nan
42,862.4863813229572,1012.3326848249027,862.784860557769,1012.9322709163347,0.5995860914320019,0.2984792348117935,26.46452612597232,26.46452612597232,0.6697711061642916,S-BIAD1540,static,EGM2,rep 3,nan
43,842.241592920354,738.741592920354,842.5422343324251,737.8773841961853,-0.8642087241687477,0.30064141207105877,160.81820795886588,19.181792041134116,0.9150092773198831,S-BIAD1540,static,EGM2,rep 3,nan
44,916.1890126776796,469.57856319631196,926.9196428571429,458.1875,-11.391063196311961,10.730630179463333,136.7100313113858,43.28996868861421,15.649368830428342,S-BIAD1540,static,EGM2,rep 3,nan
45,987.5088882992836,806.868400106129,974.592125984252,792.9811023622048,-13.88729774392425,-12.916762315031633,222.9263103669255,42.92631036692549,18.965753012507175,S-BIAD1540,static,EGM2,rep 3,nan
46,993.4005095541402,282.92356687898086,983.5693673695894,294.3007769145394,11.377210035558562,-9.8311421845508,319.1694301419592,40.8305698580408,15.036364748371486,S-BIAD1540,static,EGM2,rep 3,nan
47,922.714972940469,743.8087793144919,916.8147448015122,741.2816635160681,-2.527115798423779,-5.900228138956777,246.8141547177167,66.81415471771669,6.418645211443019,S-BIAD1540,static,EGM2,rep 3,nan
48,1009.0,613.03125,1009.5303514376997,608.261980830671,-4.76926916932905,0.5303514376996645,173.65467414110933,6.345325858890675,4.798666591562984,S-BIAD1540,static,EGM2,rep 3,nan
49,,,,,,,,,,S-BIAD1540,static,EGM2,rep 3,nan
50,,,,,,,,,,S-BIAD1540,static,EGM2,rep 3,nan
